open_date,open_date,close_date,position,open_reason,close_reason,open_price,close_price,open_fee,close_fee,open_trade_size,close_trade_size,wallet,trade_result,trade_result_pct,trade_result_pct_wallet,wallet_ath,drawdown,drawdown_pct
2018-04-06 00:00:00+00:00,2018-04-06 00:00:00+00:00,2018-05-07 00:00:00+00:00,LONG,Market,Market,0.14445100724697113,0.3351759910583496,0.7,2.5466973054896234,999.3,3635.5923105368297,3635.5923105368297,2635.59231053683,2.6374385174990795,0.4202702471364338,3635.5923105368297,0.0,0.0
2018-05-08 00:00:00+00:00,2018-05-08 00:00:00+00:00,2018-06-01 00:00:00+00:00,SHORT,Market,Market,0.3283520042896271,0.22250699996948242,2.5449146173757806,3.3629178551869945,3633.0473959194537,4800.805446697662,4800.805446697662,1165.2131361608324,0.3207261037853704,0.195308331675116,4800.805446697662,0.0,0.0
2018-06-02 00:00:00+00:00,2018-06-02 00:00:00+00:00,2018-06-08 00:00:00+00:00,LONG,Market,Market,0.227742001414299,0.20535799860954285,3.3605638126883632,2.6980765870871264,4797.444882884974,3851.6970478230933,3851.6970478230933,-949.1083988745687,-0.19783622783464194,-0.3269868774613955,4800.805446697662,949.1083988745686,0.19769774247515767
2018-06-09 00:00:00+00:00,2018-06-09 00:00:00+00:00,2018-07-02 00:00:00+00:00,SHORT,Market,Market,0.20209099352359772,0.15827800333499908,2.6961879334761654,3.278420476732453,3849.000859889617,4680.179403426772,4680.179403426772,828.4823556036791,0.21524608223325745,0.15039630165085607,4800.805446697662,120.62604327088957,0.025126209468426763
2018-07-03 00:00:00+00:00,2018-07-03 00:00:00+00:00,2018-07-10 00:00:00+00:00,LONG,Market,Market,0.15065500140190125,0.12879200279712677,3.2761255823987407,2.3236376083447783,4676.903277844373,3317.158660027053,3317.158660027053,-1363.020743399719,-0.2914365900737523,-0.6975048853011205,4800.805446697662,1483.646786670609,0.3090412230079366
2018-07-11 00:00:00+00:00,2018-07-11 00:00:00+00:00,2018-07-15 00:00:00+00:00,SHORT,Market,Market,0.13148300349712372,0.14226199686527252,2.322011062018937,2.130160142888186,3314.836648965034,3040.9557582688058,3040.9557582688058,-276.20290175824704,-0.08332323158200985,-0.09990147984035268,4800.805446697662,1759.849688428856,0.3665738401541364
2018-07-16 00:00:00+00:00,2018-07-16 00:00:00+00:00,2018-07-29 00:00:00+00:00,LONG,Market,Market,0.1561180055141449,0.16331300139427185,2.128669030788164,2.323249157199574,3038.8270892380174,3316.6041182707636,3316.6041182707636,275.64836000195805,0.09070880043756507,0.07673412758963404,4800.805446697662,1484.2013284268983,0.30915673315773257
2018-07-30 00:00:00+00:00,2018-07-30 00:00:00+00:00,2018-08-27 00:00:00+00:00,SHORT,Market,Market,0.15408700704574585,0.10026399791240692,2.3216228827895344,3.1303792468596523,3314.282495387974,4468.839973409787,4468.839973409787,1152.235855139023,0.347657707736872,0.2049849335401147,4800.805446697662,331.9654732878753,0.06914787049248683
2018-08-28 00:00:00+00:00,2018-08-28 00:00:00+00:00,2018-09-05 00:00:00+00:00,LONG,Market,Market,0.10548000037670135,0.08756899833679199,3.1281879813868505,2.064379728204086,4465.7117854284,2947.0495177062044,2947.0495177062044,-1521.7904557035822,-0.3407722058259959,-1.067729015920323,4800.805446697662,1853.7559289914575,0.3861343579891586
2018-09-06 00:00:00+00:00,2018-09-06 00:00:00+00:00,2018-09-20 00:00:00+00:00,SHORT,Market,Market,0.08866599947214127,0.08149299770593643,2.062934662394343,2.2282633943302073,2944.9865830438102,3181.005157077395,3181.005157077395,233.95563937119027,0.07944200517524391,0.06850902640361033,4800.805446697662,1619.800289620267,0.3374017771818855
2018-09-21 00:00:00+00:00,2018-09-21 00:00:00+00:00,2018-10-04 00:00:00+00:00,LONG,Market,Market,0.08760599792003632,0.08130399882793427,2.2267036099541766,1.9050101873320993,3178.7784534674406,2719.5381145728097,2719.5381145728097,-461.4670425045851,-0.1451711873789797,-0.2043633826290134,4800.805446697662,2081.267332124852,0.4335246148240598
2018-10-05 00:00:00+00:00,2018-10-05 00:00:00+00:00,2018-10-06 00:00:00+00:00,LONG,Market,Market,0.08299099653959274,0.08130300045013428,1.9036766802009668,1.8249586178209687,2717.6344378926087,2605.25878112642,2605.25878112642,-114.27933344638949,-0.04205103227018549,-0.045877268699596595,4800.805446697662,2195.5466655712416,0.4573288149140674
2018-10-07 00:00:00+00:00,2018-10-07 00:00:00+00:00,2018-10-11 00:00:00+00:00,LONG,Market,Market,0.08465799689292908,0.07093899697065353,1.8236811467884941,1.2317558640965713,2603.4350999796316,1758.4194785595769,1758.4194785595769,-846.8393025668432,-0.32527766971163163,-0.9289795070901076,4800.805446697662,3042.385968138085,0.633724070245516
2018-10-12 00:00:00+00:00,2018-10-12 00:00:00+00:00,2018-11-04 00:00:00+00:00,SHORT,Market,Market,0.07321400195360184,0.07622899860143661,1.230893634991704,1.1793785512799722,1757.1885849245853,1683.6471232772517,1683.6471232772517,-74.77235528232526,-0.04255226554726016,-0.04647493811809289,4800.805446697662,3117.15832342041,0.6492990307625598
2018-11-05 00:00:00+00:00,2018-11-05 00:00:00+00:00,2018-11-13 00:00:00+00:00,LONG,Market,Market,0.07614800333976746,0.07360299676656723,1.1785529862940762,1.0990043198435848,1682.4685702909576,1568.9071668852775,1568.9071668852775,-114.73995639197412,-0.06819738473458174,-0.07890423849747677,4800.805446697662,3231.8982798123843,0.6731991778661882
2018-11-14 00:00:00+00:00,2018-11-14 00:00:00+00:00,2018-12-17 00:00:00+00:00,SHORT,Market,Market,0.06482400000095367,0.03282399848103523,1.0982350168196944,1.6392242700389459,1567.8089318684579,2340.1097329284553,2340.1097329284553,771.2025660431777,0.49189831131022227,0.2478705099125149,4800.805446697662,2460.6957137692066,0.5125589322645535
2018-12-18 00:00:00+00:00,2018-12-18 00:00:00+00:00,2019-01-12 00:00:00+00:00,LONG,Market,Market,0.034735001623630524,0.04370399937033653,1.6380768130499186,2.4822805104445176,2338.4716561154055,3543.6327344102947,3543.6327344102947,1203.5230014818392,0.5146622146710528,0.2535250723674986,4800.805446697662,1257.1727122873672,0.2618670400718156
2019-01-13 00:00:00+00:00,2019-01-13 00:00:00+00:00,2019-01-19 00:00:00+00:00,SHORT,Market,Market,0.040240999311208725,0.04574999958276749,2.480542914087206,2.13945745964688,3541.1521914962077,3054.2283420358954,3054.2283420358954,-489.40439237439955,-0.13820484574192118,-0.19081402933678582,4800.805446697662,1746.5771046617665,0.36380918244941324
2019-01-20 00:00:00+00:00,2019-01-20 00:00:00+00:00,2019-02-09 00:00:00+00:00,SHORT,Market,Market,0.043476998805999756,0.041058000177145004,2.1379598394251267,2.2553330574655917,3052.0903821964703,3219.649034750523,3219.649034750523,165.4206927146274,0.05419914615883052,0.048867735684280794,4800.805446697662,1581.156411947139,0.3293523200434568
2019-02-10 00:00:00+00:00,2019-02-10 00:00:00+00:00,2019-02-26 00:00:00+00:00,LONG,Market,Market,0.042830001562833786,0.04330400004982948,2.253754324325366,2.3020262553709085,3217.3952804261976,3286.3069099887844,3286.3069099887844,66.6578752382614,0.02071796264630296,0.01988027894952904,4800.805446697662,1514.4985367088775,0.3154675925787949
2019-02-27 00:00:00+00:00,2019-02-27 00:00:00+00:00,2019-03-09 00:00:00+00:00,SHORT,Market,Market,0.04326999932527542,0.04672800004482269,2.300414836992149,2.1150913989238247,3284.006495151792,3019.4440499208254,3019.4440499208254,-266.8628600679588,-0.08126136792418981,-0.09695004131094256,4800.805446697662,1781.3613967768365,0.37105469416641007
2019-03-10 00:00:00+00:00,2019-03-10 00:00:00+00:00,2019-04-12 00:00:00+00:00,LONG,Market,Market,0.04569799825549126,0.08346299827098846,2.113610834944578,5.6030780402666105,3017.3304390858807,7998.794122340605,7998.794122340605,4979.350072419779,1.6502501707861685,0.3836719640108539,7998.794122340605,0.0,0.0
2019-04-13 00:00:00+00:00,2019-04-13 00:00:00+00:00,2019-05-11 00:00:00+00:00,SHORT,Market,Market,0.08373100310564041,0.07517100125551224,5.599155885638424,6.16724962355405,7993.194966454967,8804.189355453662,8804.189355453662,805.3952331130569,0.1007601136332916,0.08381165967062709,8804.189355453662,0.0,0.0
2019-05-12 00:00:00+00:00,2019-05-12 00:00:00+00:00,2019-05-25 00:00:00+00:00,LONG,Market,Market,0.07008600234985352,0.08050200343132019,6.1629325488175635,7.989174520467806,8798.026422904844,11405.117283290683,11405.117283290683,2600.9279278370213,0.29562629194494655,0.18570038070208444,11405.117283290683,0.0,0.0
2019-05-26 00:00:00+00:00,2019-05-26 00:00:00+00:00,2019-06-04 00:00:00+00:00,LONG,Market,Market,0.08601400256156921,0.08248600363731384,7.983582098303478,7.323533805963391,11397.13370119238,10454.86761757031,10454.86761757031,-950.2496657203747,-0.08337619708900655,-0.0999776814317321,11405.117283290683,950.2496657203737,0.08331783375104418
2019-06-05 00:00:00+00:00,2019-06-05 00:00:00+00:00,2019-06-12 00:00:00+00:00,SHORT,Market,Market,0.08343800157308578,0.09652499854564667,7.318407332299216,6.166218007233818,10447.54921023801,8802.716649469648,8802.716649469648,-1652.150968100661,-0.158137658397593,-0.23105178551193364,11405.117283290683,2602.4006338210347,0.22817833163660128
2019-06-13 00:00:00+00:00,2019-06-13 00:00:00+00:00,2019-06-20 00:00:00+00:00,LONG,Market,Market,0.08973900228738785,0.08738499879837036,6.161901654628754,5.83454072927144,8796.55474781502,8329.223643944215,8329.223643944215,-473.493005525434,-0.05382709698283241,-0.06027357954584091,11405.117283290683,3075.8936393464683,0.26969416998919193
2019-06-21 00:00:00+00:00,2019-06-21 00:00:00+00:00,2019-06-22 00:00:00+00:00,SHORT,Market,Market,0.08956199884414673,0.09436699748039246,5.8304565507609505,5.513790369276889,8323.393187393454,7871.329594311994,7871.329594311994,-457.89404963222154,-0.05501290631394709,-0.061765432082407146,11405.117283290683,3533.7876889786894,0.309842292823761
2019-06-23 00:00:00+00:00,2019-06-23 00:00:00+00:00,2019-06-27 00:00:00+00:00,LONG,Market,Market,0.09664399921894073,0.08644899725914001,5.5099307160183955,4.3443993041527875,7865.819663595976,6201.940320914116,6201.940320914116,-1669.3892733978785,-0.21223335199560023,-0.3683111907394129,11405.117283290683,5203.176962376568,0.45621424428485235
2019-06-28 00:00:00+00:00,2019-06-28 00:00:00+00:00,2019-07-26 00:00:00+00:00,SHORT,Market,Market,0.08929499983787537,0.06288400292396545,4.3413582246398805,5.6214744019648455,6197.598962689475,8025.056242690672,8025.056242690672,1823.1159217765567,0.29416487461547647,0.18512226343427096,11405.117283290683,3380.0610406000114,0.2963635495052772
2019-07-27 00:00:00+00:00,2019-07-27 00:00:00+00:00,2019-08-02 00:00:00+00:00,LONG,Market,Market,0.05987099930644035,0.05741199851036072,5.61753936988347,5.152486868215666,8019.438703320789,7355.543039154165,7355.543039154165,-669.5132035365071,-0.0834862922836815,-0.1001361375879438,11405.117283290683,4049.5742441365182,0.3550664270738746
2019-08-03 00:00:00+00:00,2019-08-03 00:00:00+00:00,2019-08-23 00:00:00+00:00,SHORT,Market,Market,0.0577629990875721,0.049789998680353165,5.1488801274079155,5.855475997605875,7350.394159026757,8359.11023486793,8359.11023486793,1003.5671957137658,0.13653243268339846,0.10718805631771242,11405.117283290683,3046.0070484227526,0.26707371548781633
2019-08-24 00:00:00+00:00,2019-08-24 00:00:00+00:00,2019-08-28 00:00:00+00:00,LONG,Market,Market,0.05017700046300888,0.04582500085234642,5.851377164407551,4.83297722555435,8353.258857703522,6899.420202137802,6899.420202137802,-1459.6900327301273,-0.1747449776902311,-0.2683386835875117,11405.117283290683,4505.697081152881,0.39505925009241694
2019-08-29 00:00:00+00:00,2019-08-29 00:00:00+00:00,2019-09-08 00:00:00+00:00,SHORT,Market,Market,0.044697001576423645,0.04671899974346161,4.829594141496462,4.6078856998861815,6894.590607996306,6578.085971280372,6578.085971280372,-321.3342308574303,-0.04660671664605419,-0.05135799599996737,11405.117283290683,4827.031312010311,0.42323381619952816
2019-09-09 00:00:00+00:00,2019-09-09 00:00:00+00:00,2019-09-23 00:00:00+00:00,LONG,Market,Market,0.04693099856376648,0.04626400023698807,4.6046601798962605,4.470642738278964,6573.481311100476,6382.161840517384,6382.161840517384,-195.92413076298823,-0.029805231275570217,-0.03167096706517712,11405.117283290683,5022.955442773299,0.44041243224497917
2019-09-24 00:00:00+00:00,2019-09-24 00:00:00+00:00,2019-10-07 00:00:00+00:00,SHORT,Market,Market,0.03757299855351448,0.0416719987988472,4.467513288362169,3.977346928299844,6377.694327229022,5677.946836357191,5677.946836357191,-704.2150041601926,-0.11041843149390317,-0.14158684623918022,11405.117283290683,5727.170446933492,0.5021579616129164
2019-10-08 00:00:00+00:00,2019-10-08 00:00:00+00:00,2019-10-16 00:00:00+00:00,LONG,Market,Market,0.04144100099802017,0.03874099999666214,3.974562785450034,3.454234619348759,5673.972273571741,4931.166650164593,4931.166650164593,-746.7801861925983,-0.13161505735073029,-0.1784682635369495,11405.117283290683,6473.95063312609,0.5676356035909331
2019-10-17 00:00:00+00:00,2019-10-17 00:00:00+00:00,2019-10-25 00:00:00+00:00,SHORT,Market,Market,0.03952400013804436,0.04124600067734718,3.4518166551152154,3.29911525796737,4927.714833509478,4709.722681838276,4709.722681838276,-221.44396832631722,-0.04493847063154964,-0.049338283663102375,11405.117283290683,6695.394601452407,0.5870517974647785
2019-10-26 00:00:00+00:00,2019-10-26 00:00:00+00:00,2019-11-19 00:00:00+00:00,LONG,Market,Market,0.040546998381614685,0.042541999369859695,3.296805877286793,3.618691136276027,4706.425875960989,5165.9400749723345,5165.9400749723345,456.21739313405845,0.09693500018013243,0.08114632073578645,11405.117283290683,6239.177208318349,0.5470506837715025
2019-11-20 00:00:00+00:00,2019-11-20 00:00:00+00:00,2019-11-29 00:00:00+00:00,SHORT,Market,Market,0.04117799922823906,0.041423000395298004,3.616158052480634,3.5921263584921004,5162.323916919854,5128.016957201651,5128.016957201651,-37.9231177706836,-0.007346132939544552,-0.007450376941365603,11405.117283290683,6277.100326089032,0.5503757804652685
2019-11-30 00:00:00+00:00,2019-11-30 00:00:00+00:00,2019-12-02 00:00:00+00:00,LONG,Market,Market,0.040424998849630356,0.03805600106716156,3.5896118700411557,3.1666746443131575,5124.42734533161,4520.654245803054,4520.654245803054,-607.3627113985967,-0.11852304081389865,-0.1552050763555054,11405.117283290683,6884.463037487629,0.6036293066072947
2019-12-03 00:00:00+00:00,2019-12-03 00:00:00+00:00,2019-12-08 00:00:00+00:00,SHORT,Market,Market,0.03791699931025505,0.038947999477386475,3.164457972062138,3.076258386263056,4517.489787830992,4391.578579132388,4391.578579132388,-129.07566667066638,-0.028572431313151948,-0.03028166063964549,11405.117283290683,7013.538704158295,0.6149466533267163
2019-12-09 00:00:00+00:00,2019-12-09 00:00:00+00:00,2019-12-29 00:00:00+00:00,SHORT,Market,Market,0.03748299926519394,0.03428399935364723,3.0741050053926715,3.334130065160977,4388.504474126995,4759.708820164807,4759.708820164807,368.1302410324191,0.08388512378255038,0.07179052162890417,11405.117283290683,6645.408463125877,0.5826690158514966
2019-12-30 00:00:00+00:00,2019-12-30 00:00:00+00:00,2020-01-03 00:00:00+00:00,SHORT,Market,Market,0.033594001084566116,0.03418000042438507,3.3317961741153646,3.271386176893417,4756.377023990692,4670.13743795656,4670.13743795656,-89.57138220824748,-0.018831850746157917,-0.019554653533669978,11405.117283290683,6734.979845334124,0.5905226292763647
2020-01-04 00:00:00+00:00,2020-01-04 00:00:00+00:00,2020-02-17 00:00:00+00:00,LONG,Market,Market,0.034595001488924026,0.06004200130701065,3.2690962065695914,8.07273094445148,4666.86834174999,11524.400046843377,11524.400046843377,6854.262608886817,1.4687070872705603,0.37294675555458656,11524.400046843377,0.0,0.0
2020-02-18 00:00:00+00:00,2020-02-18 00:00:00+00:00,2020-03-24 00:00:00+00:00,SHORT,Market,Market,0.06259699910879135,0.030162999406456947,8.067080032790363,12.23838279855594,11516.332966810587,17471.1656151385,17471.1656151385,5946.765568295122,0.5163766613411891,0.2539406885140221,17471.1656151385,0.0,0.0
2020-03-25 00:00:00+00:00,2020-03-25 00:00:00+00:00,2020-04-15 00:00:00+00:00,LONG,Market,Market,0.029438000172376633,0.031863000243902206,12.22981593059695,14.234744034222926,17458.935799207902,20321.113876284242,20321.113876284242,2849.948261145743,0.16323722670857424,0.12299601305466287,20321.113876284242,0.0,0.0
2020-04-16 00:00:00+00:00,2020-04-16 00:00:00+00:00,2020-05-11 00:00:00+00:00,LONG,Market,Market,0.034407999366521835,0.04810800030827522,14.22477971339897,25.534462184406365,20306.88909657084,36452.26865839612,36452.26865839612,16131.154782111878,0.7943685862171717,0.30677262389282045,36452.26865839612,0.0,0.0
2020-05-12 00:00:00+00:00,2020-05-12 00:00:00+00:00,2020-05-13 00:00:00+00:00,SHORT,Market,Market,0.05042099952697754,0.051472000777721405,25.516588060877282,24.967217878561005,36426.75207033524,35642.486894351445,35642.486894351445,-809.7817640446746,-0.022230413583980615,-0.023247742631970048,36452.26865839612,809.7817640446738,0.022214852294471808
2020-05-14 00:00:00+00:00,2020-05-14 00:00:00+00:00,2020-05-26 00:00:00+00:00,LONG,Market,Market,0.0508899986743927,0.05342999845743179,24.94974082604601,27.42109413673627,35617.5371535254,39145.57052977222,39145.57052977222,3503.083635420776,0.0983527754971133,0.08213819882456595,39145.57052977222,0.0,0.0
2020-05-27 00:00:00+00:00,2020-05-27 00:00:00+00:00,2020-06-11 00:00:00+00:00,LONG,Market,Market,0.05518300086259842,0.0753600001335144,27.401899370840557,47.407039782329846,39118.168630401386,67676.93550640317,67676.93550640317,28531.364976630943,0.7293635151022199,0.29655824740051734,67676.93550640317,0.0,0.0
2020-06-12 00:00:00+00:00,2020-06-12 00:00:00+00:00,2020-06-23 00:00:00+00:00,SHORT,Market,Market,0.0795539990067482,0.08295000344514847,47.37385485448222,45.319811665747324,67629.56165154869,64697.268282259,64697.268282259,-2979.6672241441734,-0.04405865055722922,-0.04827905124404373,67676.93550640317,2979.66722414417,0.04402780950183911
2020-06-24 00:00:00+00:00,2020-06-24 00:00:00+00:00,2020-06-26 00:00:00+00:00,LONG,Market,Market,0.0825830027461052,0.08056099712848663,45.2880877975813,43.040223876155494,64651.980194461416,61442.99388491741,61442.99388491741,-3254.27439734159,-0.05033526254808165,-0.05592620745050813,67676.93550640317,6233.941621485763,0.09211323732139062
2020-06-27 00:00:00+00:00,2020-06-27 00:00:00+00:00,2020-06-29 00:00:00+00:00,SHORT,Market,Market,0.07767900079488754,0.08387000113725662,43.010095719442184,39.55449242129011,61399.98378919796,56466.86325227886,56466.86325227886,-4976.130632638543,-0.08104449424160905,-0.0966412862950891,67676.93550640317,11210.072254124309,0.16564095537487333
2020-06-30 00:00:00+00:00,2020-06-30 00:00:00+00:00,2020-07-20 00:00:00+00:00,LONG,Market,Market,0.08311600238084793,0.11792399734258652,39.5268042765952,72.58267347421175,56427.336448002265,103616.95086111399,103616.95086111399,47150.08760883513,0.8355894603014602,0.31273472031642435,103616.95086111399,0.0,0.0
2020-07-21 00:00:00+00:00,2020-07-21 00:00:00+00:00,2020-07-25 00:00:00+00:00,SHORT,Market,Market,0.1229650005698204,0.14357799291610718,72.53186560277979,60.33086994504893,103544.41899551121,86126.62619441058,86126.62619441058,-17490.32466670341,-0.16891615054078038,-0.25482615288708266,103616.95086111399,17490.32466670341,0.16879790923540183
2020-07-26 00:00:00+00:00,2020-07-26 00:00:00+00:00,2020-08-03 00:00:00+00:00,LONG,Market,Market,0.14810800552368164,0.13733500242233276,60.2886383360874,51.482088370387565,86066.33755607449,73494.3584407547,73494.3584407547,-12632.267753655875,-0.14677361802953007,-0.2075556000631044,103616.95086111399,30122.592420359288,0.2907110484339091
2020-08-04 00:00:00+00:00,2020-08-04 00:00:00+00:00,2020-08-11 00:00:00+00:00,LONG,Market,Market,0.14301800727844238,0.13743600249290466,51.44605090852829,47.396962454622006,73442.91238984617,67662.54940129111,67662.54940129111,-5831.80903946359,-0.07940601549823431,-0.09431892623857335,103616.95086111399,35954.40145982288,0.346993432648056
2020-08-12 00:00:00+00:00,2020-08-12 00:00:00+00:00,2020-09-01 00:00:00+00:00,SHORT,Market,Market,0.13739800453186035,0.1254110038280487,47.363784580903776,51.459891460903286,67615.18561671021,73462.67076697235,73462.67076697235,5800.121365681242,0.08578134205769034,0.07317583962944686,103616.95086111399,30154.280094141635,0.29101686397392457
2020-09-02 00:00:00+00:00,2020-09-02 00:00:00+00:00,2020-09-25 00:00:00+00:00,SHORT,Market,Market,0.11561299860477448,0.09684500098228455,51.423869536880645,59.7299060485484,73411.24689743547,85268.70730616344,85268.70730616344,11806.036539191093,0.1608205423303268,0.12161800352518844,103616.95086111399,18348.243554950546,0.17707762487186243
2020-09-26 00:00:00+00:00,2020-09-26 00:00:00+00:00,2020-10-07 00:00:00+00:00,LONG,Market,Market,0.09556400030851364,0.09380000084638596,59.68809511431441,57.444311344431284,85209.01921104913,82005.8576092717,82005.8576092717,-3262.84969689175,-0.03829230434879426,-0.0414366911221176,103616.95086111399,21611.093251842292,0.20856716079987098
2020-10-08 00:00:00+00:00,2020-10-08 00:00:00+00:00,2020-10-26 00:00:00+00:00,LONG,Market,Market,0.09615200012922287,0.10309699922800064,57.40410032649019,65.65063753490135,81948.45350894521,93720.97441232418,93720.97441232418,11715.116803052482,0.14295714319701835,0.11111106897088731,103616.95086111399,9895.976448789806,0.09550538175992235
2020-10-27 00:00:00+00:00,2020-10-27 00:00:00+00:00,2020-11-06 00:00:00+00:00,SHORT,Market,Market,0.10282699763774872,0.10910499840974808,65.60468208862693,61.55613354850995,93655.36973023556,87875.77750717998,87875.77750717998,-5845.1969051442,-0.06241176477099685,-0.07125631517228512,103616.95086111399,15741.173353934006,0.1519169713364095
2020-11-07 00:00:00+00:00,2020-11-07 00:00:00+00:00,2020-12-07 00:00:00+00:00,LONG,Market,Market,0.10137899965047836,0.1541299968957901,61.51304425502599,125.43990053310488,87814.26446292496,179074.41800390245,179074.41800390245,91198.64049672247,1.0385401626318511,0.3374314887420109,179074.41800390245,0.0,0.0
2020-12-08 00:00:00+00:00,2020-12-08 00:00:00+00:00,2020-12-14 00:00:00+00:00,SHORT,Market,Market,0.1409280002117157,0.15799200534820557,125.35209260273172,110.0969454602222,178949.06591129972,157171.25371200006,157171.25371200006,-21903.16429190239,-0.12239887467621208,-0.1619241048336127,179074.41800390245,21903.164291902387,0.12231319546393872
2020-12-15 00:00:00+00:00,2020-12-15 00:00:00+00:00,2020-12-22 00:00:00+00:00,LONG,Market,Market,0.15430499613285065,0.15617899596691132,110.01987759840004,112.61332690255966,157061.23383440168,160763.5679624684,160763.5679624684,3592.314250468323,0.02287206182434488,0.021856925362818354,179074.41800390245,18310.850041434052,0.10225274076297719
2020-12-23 00:00:00+00:00,2020-12-23 00:00:00+00:00,2020-12-28 00:00:00+00:00,SHORT,Market,Market,0.13639399409294128,0.17673499882221222,112.53449757372788,79.19489767786877,160651.03346489466,113056.37321356323,113056.37321356323,-47707.19474890515,-0.29696164238700706,-0.7300351109188924,179074.41800390245,66018.04479033922,0.36866262376405173
2020-12-29 00:00:00+00:00,2020-12-29 00:00:00+00:00,2021-01-26 00:00:00+00:00,LONG,Market,Market,0.19216400384902954,0.34423398971557617,79.13946124949426,204.2512353870227,112977.23375231374,291583.2278889311,291583.2278889311,178526.85467536788,1.580202034922914,0.37975542600907736,291583.2278889311,0.0,0.0
2021-01-27 00:00:00+00:00,2021-01-27 00:00:00+00:00,2021-01-30 00:00:00+00:00,SHORT,Market,Market,0.3130800127983093,0.362619012594223,204.10825952225179,171.69171346318126,291379.1196294089,245102.18466251003,245102.18466251003,-46481.0432264211,-0.15952084447759368,-0.23401860894741397,291583.2278889311,46481.04322642108,0.15940917988645933
2021-01-31 00:00:00+00:00,2021-01-31 00:00:00+00:00,2021-03-05 00:00:00+00:00,LONG,Market,Market,0.344897985458374,1.1685229539871216,171.57152926375701,990.3119846461874,244930.61313324628,1413741.0946527645,1413741.0946527645,1168638.9099902543,4.771306024349417,0.4525433545369338,1413741.0946527645,0.0,0.0
2021-03-06 00:00:00+00:00,2021-03-06 00:00:00+00:00,2021-03-17 00:00:00+00:00,SHORT,Market,Market,1.131011962890625,1.3786729574203491,989.6187662569351,772.3780098326208,1412751.4758865077,1102624.7788939113,1102624.7788939113,-311116.31575885334,-0.2202201314733198,-0.39306757950074683,1413741.0946527645,311116.3157588532,0.22006597738128844
2021-03-18 00:00:00+00:00,2021-03-18 00:00:00+00:00,2021-03-22 00:00:00+00:00,LONG,Market,Market,1.2390060424804688,1.1098740100860596,771.8373452257379,610.5243858209824,1101852.9415486855,871567.1696441539,871567.1696441539,-231057.60924975737,-0.20969913546266833,-0.36074029731497315,1413741.0946527645,542173.9250086106,0.3835029815991707
2021-03-23 00:00:00+00:00,2021-03-23 00:00:00+00:00,2021-03-28 00:00:00+00:00,SHORT,Market,Market,1.1215519905090332,1.1911239624023438,610.0970187509078,571.8509811931997,870957.0726254031,816358.1221519491,816358.1221519491,-55209.047492204874,-0.06338894215048206,-0.07253381673870513,1413741.0946527645,597382.9725008154,0.42255472006884076
2021-03-29 00:00:00+00:00,2021-03-29 00:00:00+00:00,2021-04-03 00:00:00+00:00,LONG,Market,Market,1.2025409936904907,1.1732770204544067,571.4506855063644,543.2575027053388,815786.6714664428,775538.8892192072,775538.8892192072,-40819.2329327419,-0.050036650953571,-0.05555756210342436,1413741.0946527645,638202.2054335573,0.45142792258600156
2021-04-04 00:00:00+00:00,2021-04-04 00:00:00+00:00,2021-04-19 00:00:00+00:00,LONG,Market,Market,1.1914199590682983,1.1979589462280273,542.877222453445,548.4520898027288,774996.0119967537,782954.533342667,782954.533342667,7415.644123459849,0.009568622300847287,0.009382494854795635,1413741.0946527645,630786.5613100975,0.4461825179277454
2021-04-20 00:00:00+00:00,2021-04-20 00:00:00+00:00,2021-04-28 00:00:00+00:00,SHORT,Market,Market,1.2659339904785156,1.3356659412384033,548.0681733398669,517.5161987866161,782406.4651693272,738791.3392106649,738791.3392106649,-44163.19413200223,-0.05644533384887675,-0.0635781812828805,1413741.0946527645,674949.7554420996,0.47742104830579124
2021-04-29 00:00:00+00:00,2021-04-29 00:00:00+00:00,2021-05-19 00:00:00+00:00,LONG,Market,Market,1.3080140352249146,1.4825210571289062,517.1539374474654,654.6862001895504,738274.1852732174,934611.3140705968,934611.3140705968,195819.97485993197,0.26524017602953803,0.17322589774137628,1413741.0946527645,479129.7805821677,0.3389091414222835
2021-05-20 00:00:00+00:00,2021-05-20 00:00:00+00:00,2021-06-01 00:00:00+00:00,SHORT,Market,Market,1.8104690313339233,1.7347530126571655,654.2279198494177,681.1114158444366,933957.0861507474,972335.1969333508,972335.1969333508,37723.88286275397,0.04039145205079055,0.0373481943950933,1413741.0946527645,441405.89771941374,0.3122254134006266
2021-06-02 00:00:00+00:00,2021-06-02 00:00:00+00:00,2021-06-07 00:00:00+00:00,LONG,Market,Market,1.7528239488601685,1.5641059875488281,680.6346378533456,533.699597180028,971654.5622954974,761894.2963742886,761894.2963742886,-210440.9005590621,-0.21657995415768275,-0.38161139664025895,1413741.0946527645,651846.7982784759,0.4610793311052325
2021-06-08 00:00:00+00:00,2021-06-08 00:00:00+00:00,2021-06-29 00:00:00+00:00,SHORT,Market,Market,1.5880299806594849,1.3684370517730713,533.326007462002,606.6494237900623,761360.9703668266,866035.3845620132,866035.3845620132,104141.08818772457,0.13678280374360272,0.1073424177073281,1413741.0946527645,547705.7100907513,0.3874158515744892
2021-06-30 00:00:00+00:00,2021-06-30 00:00:00+00:00,2021-07-09 00:00:00+00:00,LONG,Market,Market,1.383471965789795,1.3494739532470703,606.2247691934092,576.0260318748558,865429.1597928198,822318.3052179192,822318.3052179192,-43717.079344093996,-0.05051491372738086,-0.05614822824743213,1413741.0946527645,591422.7894348453,0.41833882573817904
2021-07-10 00:00:00+00:00,2021-07-10 00:00:00+00:00,2021-07-24 00:00:00+00:00,SHORT,Market,Market,1.3360849618911743,1.2334970235824585,575.6228136525434,619.3866956689942,821742.6824042667,884218.7499743227,884218.7499743227,61900.44475640352,0.07532825795940683,0.06542563040803852,1413741.0946527645,529522.3446784418,0.3745539736244989
2021-07-25 00:00:00+00:00,2021-07-25 00:00:00+00:00,2021-09-07 00:00:00+00:00,LONG,Market,Market,1.2285009622573853,2.502490997314453,618.9531249820259,1901.364820108966,883599.7968493407,2714334.092478414,2714334.092478414,1830115.3425040913,2.0712038968656956,0.40271442529784396,2714334.092478414,0.0,0.0
2021-09-08 00:00:00+00:00,2021-09-08 00:00:00+00:00,2021-10-02 00:00:00+00:00,SHORT,Market,Market,2.4749889373779297,2.2514588832855225,1900.03386473489,2070.1863740951344,2712434.0586136794,2955338.9194760965,2955338.9194760965,241004.82699768225,0.08885186581120406,0.0754001590922628,2955338.9194760965,0.0,0.0
2021-10-03 00:00:00+00:00,2021-10-03 00:00:00+00:00,2021-10-11 00:00:00+00:00,LONG,Market,Market,2.252872943878174,2.173388957977295,2068.7372436332676,1921.4163828837668,2953270.1822324633,2742959.130593926,2742959.130593926,-212379.78888217037,-0.07191343012227425,-0.08392536261617889,2955338.9194760965,212379.78888217034,0.07186309072118864
2021-10-12 00:00:00+00:00,2021-10-12 00:00:00+00:00,2021-11-07 00:00:00+00:00,SHORT,Market,Market,2.119189977645874,2.021872043609619,1920.0713914157484,2006.8395837690898,2741039.0592025104,2864906.851514931,2864906.851514931,121947.72092100469,0.04448959620315833,0.040828141432259275,2955338.9194760965,90432.06796116568,0.03059955911154748
2021-11-08 00:00:00+00:00,2021-11-08 00:00:00+00:00,2021-11-14 00:00:00+00:00,LONG,Market,Market,2.1244189739227295,2.0408530235290527,2005.4347960604516,1846.3702322242718,2862901.4167188704,2635825.390088164,2635825.390088164,-229081.46142676708,-0.08001723708995681,-0.09518314711369379,2955338.9194760965,319513.52938793274,0.10811400590378786
2021-11-15 00:00:00+00:00,2021-11-15 00:00:00+00:00,2021-12-22 00:00:00+00:00,SHORT,Market,Market,2.015587091445923,1.3280409574508667,1845.0777730617147,2472.728570903913,2633980.312315102,3529996.658434686,3529996.658434686,894171.2683465219,0.3394753044150895,0.20211060772213366,3529996.658434686,0.0,0.0
2021-12-23 00:00:00+00:00,2021-12-23 00:00:00+00:00,2021-12-31 00:00:00+00:00,LONG,Market,Market,1.4746910333633423,1.310209035873413,2470.99766090428,1918.4405449632989,3527525.6607737816,2738710.9094026065,2738710.9094026065,-791285.7490320794,-0.22431750329450661,-0.40632408635488987,3529996.658434686,791285.7490320792,0.22416048104220043
2022-01-01 00:00:00+00:00,2022-01-01 00:00:00+00:00,2022-01-02 00:00:00+00:00,SHORT,Market,Market,1.3769750595092773,1.3775839805603027,1917.0976365818246,1914.9084895259318,2736793.8117660247,2733668.647976091,2733668.647976091,-5042.261426515372,-0.0018423972623869873,-0.001847911993877422,3529996.658434686,796328.0104585947,0.22558888506475588
2022-01-03 00:00:00+00:00,2022-01-03 00:00:00+00:00,2022-01-14 00:00:00+00:00,SHORT,Market,Market,1.3216370344161987,1.2909259796142578,1913.5680535832637,1956.6632641494552,2731755.079922508,2793276.5712350723,2793276.5712350723,59607.923258981085,0.02182037610072715,0.020893913992670175,3529996.658434686,736720.0871996135,0.2087027718395345
2022-01-15 00:00:00+00:00,2022-01-15 00:00:00+00:00,2022-01-21 00:00:00+00:00,LONG,Market,Market,1.2962629795074463,1.1232329607009888,1955.2935998645505,1432.2905245297704,2791321.277635208,2044697.0302322851,2044697.0302322851,-748579.5410027873,-0.2681810750344653,-0.5775553120942722,3529996.658434686,1485299.6282024006,0.4207651655004768
2022-01-22 00:00:00+00:00,2022-01-22 00:00:00+00:00,2022-02-04 00:00:00+00:00,SHORT,Market,Market,1.066715955734253,1.1356240510940552,1431.2879211625996,1337.8918964195689,2043265.7423111226,1909936.2458458217,1909936.2458458217,-134760.78438646352,-0.06595362590185484,-0.0759140644472844,3529996.658434686,1620060.412588864,0.45894106123807243
2022-02-05 00:00:00+00:00,2022-02-05 00:00:00+00:00,2022-02-12 00:00:00+00:00,LONG,Market,Market,1.1273449659347534,1.0581990480422974,1336.955372092075,1172.1294826696758,1908599.2904737296,1673298.5600454386,1673298.5600454386,-236637.6858003831,-0.12398500145184888,-0.16471367045805627,3529996.658434686,1856698.0983892472,0.5259772963106902
2022-02-13 00:00:00+00:00,2022-02-13 00:00:00+00:00,2022-03-01 00:00:00+00:00,SHORT,Market,Market,1.0458190441131592,0.9623460173606873,1171.308992031807,1263.9127578576074,1672127.2510534069,1804325.7413244387,1804325.7413244387,131027.18127900005,0.07835957532326296,0.06770195748212277,3529996.658434686,1725670.917110247,0.48885907950843926
2022-03-02 00:00:00+00:00,2022-03-02 00:00:00+00:00,2022-03-04 00:00:00+00:00,LONG,Market,Market,0.9386619925498962,0.8428890109062195,1263.028018927107,1004.5873231233309,1803062.7133055115,1434120.1599959207,1434120.1599959207,-370205.5813285179,-0.20532041320394723,-0.3479655122239379,3529996.658434686,2095876.498438765,0.5937332811437119
2022-03-05 00:00:00+00:00,2022-03-05 00:00:00+00:00,2022-03-16 00:00:00+00:00,SHORT,Market,Market,0.8656719923019409,0.8383740186691284,1003.8841119971445,1034.815568027725,1433116.2758839235,1477273.1387572938,1477273.1387572938,43152.978761373146,0.030111289284435117,0.028382160937749965,3529996.658434686,2052723.519677392,0.5815086296958807
2022-03-17 00:00:00+00:00,2022-03-17 00:00:00+00:00,2022-04-06 00:00:00+00:00,LONG,Market,Market,0.8367840051651001,1.052770972251892,1034.0911971301057,1566.8236967662065,1476239.0475601638,2236752.7431121003,2236752.7431121003,759479.6043548064,0.5144692559176152,0.253478207388319,3529996.658434686,1293243.9153225855,0.36635839646829904
2022-04-07 00:00:00+00:00,2022-04-07 00:00:00+00:00,2022-05-30 00:00:00+00:00,SHORT,Market,Market,1.0918940305709839,0.5700730085372925,1565.7269201784702,2312.3749949163794,2235187.0161919217,3301080.4748856253,3301080.4748856253,1064327.7317735252,0.47616943193720573,0.24380944035198393,3529996.658434686,228916.1835490605,0.0648488385965128
2022-05-31 00:00:00+00:00,2022-05-31 00:00:00+00:00,2022-06-12 00:00:00+00:00,LONG,Market,Market,0.6252539753913879,0.4968610107898712,2310.7563324199377,1360.7972065780561,3298769.7185532055,1942635.212190645,1942635.212190645,-1358445.2626949805,-0.4118036051606463,-2.3253485683342143,3529996.658434686,1587361.4462440407,0.4496778891988889
2022-06-13 00:00:00+00:00,2022-06-13 00:00:00+00:00,2022-06-25 00:00:00+00:00,SHORT,Market,Market,0.4631330072879791,0.49894601106643677,1359.8446485334516,1253.8127247938905,1941275.3675421115,1789907.2226950498,1789907.2226950498,-152727.98949559516,-0.07867404699466578,-0.09328727508785141,3529996.658434686,1740089.435739636,0.49294364955893405
2022-06-26 00:00:00+00:00,2022-06-26 00:00:00+00:00,2022-06-28 00:00:00+00:00,LONG,Market,Market,0.48965299129486084,0.46967101097106934,1252.9350558865349,1149.8689050201992,1788654.2876391632,1641519.9954095501,1641519.9954095501,-148387.2272854996,-0.0829602614160589,-0.09937979425093663,3529996.658434686,1888476.6630251356,0.5349797310750279
2022-06-29 00:00:00+00:00,2022-06-29 00:00:00+00:00,2022-07-07 00:00:00+00:00,SHORT,Market,Market,0.46550899744033813,0.4778119921684265,1149.063996786685,1117.912155973657,1640370.9314127634,1595899.4535206791,1595899.4535206791,-45620.54188887097,-0.027811113337384275,-0.029427312431703816,3529996.658434686,1934097.2049140066,0.547903409566299
2022-07-08 00:00:00+00:00,2022-07-08 00:00:00+00:00,2022-07-11 00:00:00+00:00,LONG,Market,Market,0.46731099486351013,0.4355199933052063,1117.1296174644754,964.4581589853191,1594782.3239032147,1376832.911820042,1376832.911820042,-219066.54170063717,-0.13736454086378,-0.1892148082328942,3529996.658434686,2153163.746614644,0.6099619787089051
2022-07-12 00:00:00+00:00,2022-07-12 00:00:00+00:00,2022-07-18 00:00:00+00:00,SHORT,Market,Market,0.417928010225296,0.4925430119037628,963.7830382740293,791.1593166485694,1375869.128781768,1129436.4358955936,1129436.4358955936,-247396.47592444846,-0.17981105233715072,-0.2804821631125893,3529996.658434686,2400560.2225390924,0.680046032565815
2022-07-19 00:00:00+00:00,2022-07-19 00:00:00+00:00,2022-08-04 00:00:00+00:00,LONG,Market,Market,0.5157679915428162,0.4996680021286011,790.6055051269155,740.7282366232143,1128645.8303904666,1057442.4669393974,1057442.4669393974,-71993.96895619614,-0.06378791913074192,-0.07305705889606359,3529996.658434686,2472554.191495288,0.7004409439276065
2022-08-05 00:00:00+00:00,2022-08-05 00:00:00+00:00,2022-08-18 00:00:00+00:00,LONG,Market,Market,0.517503023147583,0.5126330256462097,740.2097268575782,725.769743902916,1056702.25721254,1036088.1501174057,1036088.1501174057,-21354.31682199179,-0.020208451979957007,-0.021044254287493562,3529996.658434686,2493908.50831728,0.7064903311900469
2022-08-19 00:00:00+00:00,2022-08-19 00:00:00+00:00,2022-09-03 00:00:00+00:00,SHORT,Market,Market,0.450980007648468,0.48038700222969055,725.261705082184,677.4950808425943,1035362.8884123235,967172.6204085778,967172.6204085778,-68915.52970882789,-0.06656171520162013,-0.07672138680824896,3529996.658434686,2562824.038026108,0.7260131626194078
2022-09-04 00:00:00+00:00,2022-09-04 00:00:00+00:00,2022-09-15 00:00:00+00:00,LONG,Market,Market,0.5030840039253235,0.4656440019607544,677.0208342860045,575.8483572149087,966495.5995742918,822064.6619497975,822064.6619497975,-145107.9584587803,-0.15013825052353616,-0.21435338140603227,3529996.658434686,2707931.9964848883,0.767120271917105
2022-09-16 00:00:00+00:00,2022-09-16 00:00:00+00:00,2022-10-25 00:00:00+00:00,SHORT,Market,Market,0.47412601113319397,0.4019879996776581,575.4452633648583,662.5348439827133,821489.2166864327,945815.8137027506,945815.8137027506,123751.15175295302,0.1506424542638757,0.11570210725443185,3529996.658434686,2584180.8447319353,0.7320632552320444
2022-10-26 00:00:00+00:00,2022-10-26 00:00:00+00:00,2022-11-08 00:00:00+00:00,LONG,Market,Market,0.4034920036792755,0.37183400988578796,662.0710695919254,557.7881154578446,945153.7426331587,796282.3768243201,796282.3768243201,-149533.43687843054,-0.15821070174449783,-0.23120785770586855,3529996.658434686,2733714.281610366,0.7744240423226301
2022-11-09 00:00:00+00:00,2022-11-09 00:00:00+00:00,2022-12-01 00:00:00+00:00,SHORT,Market,Market,0.3178369998931885,0.31448400020599365,557.397663777024,562.883597774945,795724.9791605431,803556.5417950037,803556.5417950037,7274.164970683604,0.009141556644806535,0.008971249990888273,3529996.658434686,2726440.116639682,0.7723633704085923
2022-12-02 00:00:00+00:00,2022-12-02 00:00:00+00:00,2022-12-09 00:00:00+00:00,LONG,Market,Market,0.31940698623657227,0.3116770088672638,562.4895792565026,534.8892425618499,802994.0522157472,763592.6001315094,763592.6001315094,-39963.941663494326,-0.049768664603703536,-0.05522714060012697,3529996.658434686,2766404.0583031764,0.7836846110584957
2022-12-10 00:00:00+00:00,2022-12-10 00:00:00+00:00,2023-01-04 00:00:00+00:00,SHORT,Market,Market,0.31260600686073303,0.2676770091056824,534.5148200920565,610.9095124420612,763058.0853114174,872116.9654047883,872116.9654047883,108524.36527327886,0.14222294129677976,0.11066672582343576,3529996.658434686,2657879.6930298973,0.7529411357030822
2023-01-05 00:00:00+00:00,2023-01-05 00:00:00+00:00,2023-02-06 00:00:00+00:00,LONG,Market,Market,0.26910200715065,0.38242098689079285,610.4818757833518,1123.8430353847646,871506.483529005,1604366.2075142788,1604366.2075142788,732249.2421094906,0.8402108945241372,0.31338029637157194,3529996.658434686,1925630.450920407,0.5455048934166112
2023-02-07 00:00:00+00:00,2023-02-07 00:00:00+00:00,2023-02-09 00:00:00+00:00,LONG,Market,Market,0.39921000599861145,0.36253100633621216,1123.0563452599952,916.0441699885705,1603243.1511690188,1307718.4843851123,1307718.4843851123,-296647.7231291665,-0.18502977724424596,-0.29339956657501653,3529996.658434686,2222278.1740495735,0.6295411551565047
2023-02-10 00:00:00+00:00,2023-02-10 00:00:00+00:00,2023-02-15 00:00:00+00:00,SHORT,Market,Market,0.3586350083351135,0.4181149899959564,915.4029390695786,763.0479209266133,1306803.0814460428,1089305.4105456637,1089305.4105456637,-218413.07383944865,-0.16713541385115477,-0.25079227894633277,3529996.658434686,2440691.2478890223,0.6914146057495996
2023-02-16 00:00:00+00:00,2023-02-16 00:00:00+00:00,2023-02-23 00:00:00+00:00,LONG,Market,Market,0.38790199160575867,0.3830229938030243,762.5137873819646,742.8117895599321,1088542.8967582816,1060416.8875817717,1060416.8875817717,-28888.522963891886,-0.026538708809660055,-0.028005553656872413,3529996.658434686,2469579.770852914,0.6995983310499805
2023-02-24 00:00:00+00:00,2023-02-24 00:00:00+00:00,2023-03-14 00:00:00+00:00,SHORT,Market,Market,0.3658190071582794,0.3443079888820648,742.2918213072402,785.3901685469842,1059674.5957604644,1121200.5648985733,1121200.5648985733,60783.67731680165,0.057360700690555745,0.05142511646591475,3529996.658434686,2408796.0935361125,0.6823791427055487
2023-03-15 00:00:00+00:00,2023-03-15 00:00:00+00:00,2023-03-16 00:00:00+00:00,LONG,Market,Market,0.3246369957923889,0.3253830075263977,784.8403954290013,787.8955888960963,1120415.7245031444,1124777.2314055273,1124777.2314055273,3576.6665069539404,0.0031922673242916473,0.003169809147263971,3529996.658434686,2405219.4270291585,0.6813659217727731
